\c retro_haven_dev;

INSERT INTO users (id, first_name, last_name, phone_number, date_of_birth, address, email) VALUES 
('dPneoZt769MvZBp1VGfJkEq417j1', 'Adam', 'Tahiri', 3472829710, '1994-12-03', '383 Raritan Avenue', 'tahiri08@hotmail.com'),
('77Kkd6UM6ggnTbZxR3NMG3uieP73', 'Anas', 'Nahil', 3471234567, '1980-01-01', '111 Made Up Street', 'anasnahil@pursuit.org'),
('i2fAV92rUiSA4N442t2DUeCXJvN2', 'Carina', 'Taverez', 3472345678, '1990-01-01', '22-10 Brookhaven Ave', 't.carina@rocketmail.com'),
('8fFWde4Em6S0JjYSeAV2v489Qxu2', 'Demi', 'Jobi', 7181234567, '1996-01-01', '1165 boston road', 'demi.orderhood@gmail.com');


INSERT INTO categories (name) VALUES
('gaming'),
('Special Occasion'),
('Tools/Home Improvement');



INSERT INTO items (category_id,photo, name, description, price, location, user_id) VALUES 
(1, 'https://firebasestorage.googleapis.com/v0/b/retro-haven.appspot.com/o/items%2FDoom3_XBOX.jpeg?alt=media&token=d0746bc9-172e-447a-b4f4-6cf53284e001', 'Doom 3 Limited Collectors Edition, Xbox 1', 'Doom 3 Limited Collectors Edition - Original Xbox - No Manual - Tested.', 10, 'dongan hills, staten island', 'dPneoZt769MvZBp1VGfJkEq417j1'),
(1, 'https://firebasestorage.googleapis.com/v0/b/retro-haven.appspot.com/o/items%2FN64.jpeg?alt=media&token=3b2968f2-4d9e-4c32-aff9-bd20543cb179', 'N64 with controllers', 'Nintendo 64 Bundle - Expansion Pak, Controller, & Cords - Tested', 165, 'bay ridge, brooklyn', 'dPneoZt769MvZBp1VGfJkEq417j1'),
(1, 'https://firebasestorage.googleapis.com/v0/b/retro-haven.appspot.com/o/items%2FNES_controler.jpeg?alt=media&token=b2c222c0-a196-4a5c-b772-16c033de92a6', 'NES Controller', 'Original NES Controller - OEM Nintendo - Tested.', 15, 'kipps bay, manhattan', 'dPneoZt769MvZBp1VGfJkEq417j1'),
(1, 'https://firebasestorage.googleapis.com/v0/b/retro-haven.appspot.com/o/items%2FNintedowii.jpeg?alt=media&token=9d874767-f78f-4371-9717-16d4c1056df6', 'Nintendo Wii', 'Nintendo Wii Bundle RVL-001 -Controller, & Cords - Tested. No AV Cords', 80, 'woodside, queens','dPneoZt769MvZBp1VGfJkEq417j1'),
(1, 'https://firebasestorage.googleapis.com/v0/b/retro-haven.appspot.com/o/items%2FPS1.jpeg?alt=media&token=ee1b8a17-3c18-44f1-976c-a942de8824f9', 'PlayStation 1', 'Sony Playstation 1 PS1 - SCPH-1001 - In Box - Tested. Condition is "Used". Shipped with USPS Priority Mail. Does not include styrofoam, manuals, or controller.', 130, 'flushing, queens', 'dPneoZt769MvZBp1VGfJkEq417j1'),
(1, 'https://firebasestorage.googleapis.com/v0/b/retro-haven.appspot.com/o/items%2Fadventureoflink_NES.jpeg?alt=media&token=dd10a7ef-62c1-4333-9428-879f9720a353', 'Legend of Zelda 2 - NES', 'Zelda 2: The Adventure of Link - Nintendo NES - Authentic - Tested.', 40, 'parkchester, bronx', 'dPneoZt769MvZBp1VGfJkEq417j1'),
(2, 'https://firebasestorage.googleapis.com/v0/b/t6cap-a67f2.appspot.com/o/items%2FFirepit.webp?alt=media&token=fa6e1c94-a6e6-48af-9321-1da2d1505eab', 'Fire Pit', 'Planning to hold an outdoor bbq party or a late night s''mores session with friends? You’ll need this multifunctional fire pit to help!', 10, 'park slope, brooklyn', '77Kkd6UM6ggnTbZxR3NMG3uieP73'),
(2, 'https://firebasestorage.googleapis.com/v0/b/t6cap-a67f2.appspot.com/o/items%2FDrone.jpeg?alt=media&token=2d934394-6f0c-41ce-b324-28525d83ab3a', 'Drone', 'Going on vacation and want to capture some stunning drone videos? The DJI drone has a powerful camera capable of capturing stunning 20 megapixel aerial shots in 4k HDR.', 25, 'bayridge, brooklyn', '77Kkd6UM6ggnTbZxR3NMG3uieP73'),
(2, 'https://firebasestorage.googleapis.com/v0/b/t6cap-a67f2.appspot.com/o/items%2FCornholeset.jpeg?alt=media&token=516b65fc-379b-4a06-b389-977b0f9d249e', 'CornHole Set', 'Need a fun idea to spice up a friends/family gathering, look no further with this fun and premium designed corn hole set.', 7, 'eltingville, staten island', '77Kkd6UM6ggnTbZxR3NMG3uieP73'),
(2, 'https://firebasestorage.googleapis.com/v0/b/t6cap-a67f2.appspot.com/o/items%2FProjector.jpeg?alt=media&token=a5397fc2-f87d-4599-b75e-0f6895dfad23', 'Projector + Screen', 'Don’t let your need for a projector hold you back from enjoying blockbusters on the big screen at home. Projector Screen - 6.5ft x 6ft', 12, 'astoria, queens', '77Kkd6UM6ggnTbZxR3NMG3uieP73'),
(2, 'https://firebasestorage.googleapis.com/v0/b/t6cap-a67f2.appspot.com/o/items%2FKaroakeplayer.jpeg?alt=media&token=28156b0a-5a42-4a94-a535-e25659ad5efe', 'Wireless Karaoke Machine', 'Great Gifts for Kids and Adults: K20 with a cool disco ball and colorful LED lights, the light will go with the music, allowing you to enjoy the fun of karaoke at home. Well packaged makes it a great gift choice for family, children, and friends.', 17, 'korea town, manhattan', '8fFWde4Em6S0JjYSeAV2v489Qxu2'),
(2, 'https://firebasestorage.googleapis.com/v0/b/t6cap-a67f2.appspot.com/o/items%2FCanopy.png?alt=media&token=92dbaffb-3596-4b2f-8c38-bba655f71917', 'Canopy', 'This 10x17 ft pop up canopy is designed with dual half awnings, which can provides 170 square feet, big enough for 10-15 people to sit under it, suitable for large-scale events, such as holiday parties, beach sunbathing, courtyard barbecue, wedding, camping, etc.', 15, 'ridgewood, queens', '8fFWde4Em6S0JjYSeAV2v489Qxu2'),
(3, 'https://firebasestorage.googleapis.com/v0/b/t6cap-a67f2.appspot.com/o/items%2Fpaintspray.png?alt=media&token=4e528421-5f41-4ff2-8cb1-3652b25199f6', 'Paint spray', 'Spray your large, household projects with ease. You''ll save thousands painting and staining projects yourself. Sprays unthinned latex and oil-based paints, stains and sealers', 8, 'bronx', '8fFWde4Em6S0JjYSeAV2v489Qxu2'),
(3, 'https://firebasestorage.googleapis.com/v0/b/t6cap-a67f2.appspot.com/o/items%2FDrill.png?alt=media&token=f1e7fc8e-9c26-4ad9-a026-932c8dc84424', 'Drill', 'Drill that works perfectly and comes with all attachments needed', 10, 'bay ridge, brooklyn', '8fFWde4Em6S0JjYSeAV2v489Qxu2'),
(3, 'https://firebasestorage.googleapis.com/v0/b/t6cap-a67f2.appspot.com/o/items%2FLeafblower.png?alt=media&token=259adf64-1c87-46fb-9053-18463d77d8e5', 'Leaf blower', '4-Stroke (MM4) 145 MPH 356 CFM 24.5cc Gas Handheld Leaf Blower - Lightweight Handheld Blower. 9.8lbs. 17.8 oz fuel tank.', 10, 'canarsie, brooklyn', '8fFWde4Em6S0JjYSeAV2v489Qxu2'),
(3, 'https://firebasestorage.googleapis.com/v0/b/t6cap-a67f2.appspot.com/o/items%2FShruberake.jpeg?alt=media&token=31ca5f47-ff89-4895-adf2-d71ac27f3ce3', '8 in. Shrub Rake with Short Fiberglass Handle', 'The Bully Tools 8 in. Shrub Rake measures 31 in. The tool comes with a limited lifetime warranty that protects against defects in material and workmanship. Founded in 1994. Bully Tools manufactures gardening and farm tools, shingle removers, floor scrapers, forestry and other specialty tools. With an unprecedented history of quality, Bully Tools is committed to applying the same reliability to our business practices. Bully Tools continues to grow and adapt to meet the ever changing needs of the economy and their consumers. Comes with 10 spring steel tines. Features a short fiberglass handle. Head measures 8.5 in. x 9.5 in.', 5, 'cobble hill, brooklyn', '8fFWde4Em6S0JjYSeAV2v489Qxu2'),
(3, 'https://firebasestorage.googleapis.com/v0/b/t6cap-a67f2.appspot.com/o/items%2FGardentools.jpeg?alt=media&token=4ed7a3db-4920-4628-b982-491d02101d8b', 'Apollo Garden Tool Set (6-Piece)', 'THIS APOLLO GARDEN TOOL SET HAS IT ALL: This garden tool set will delight any gardener. It is a great value that includes a well-designed apron with plenty of pockets for tools, seeds or a cell phone; a comfy foldable kneeler that doubles as a seat and 3 of the most used tools: a trowel, a rake and a pruner. THE APRON WE ALWAYS WANTED. The apron is ample, not too long or too short, sturdy but with breathable cotton fabric. The long tie fits various waist sizes, has a closeable large pocket so that cell phones and small objects don''t fall off when bending forward and deep reinforced pockets that wont tear out even when sharp tools are used. A VERSATILE KNEELER AND SEAT. The 2-in-1 kneeler/seat is foldable, padded and can be used to kneel or to sit while gardening. The seat holds up to 265 lbs. When in the kneeling position, the sides help you get up easily from the ground. The kneeler is equipped with a multi-pocket garden pouch for extra-storage for tools, seeds, a water bottle and more.Cotton apron protects from dirt and holds tools, apron features reinforced deep pockets and large closeable front pocket for cell phone and small objects. Aluminum alloy garden tools have comfortable grips. 2 in 1 kneeler/seat can be used to protect your knees or to sit while gardening. Included: foldable kneeler and seat, tool pouch with 4-pockets, cotton gardening apron, 12 in. trowel, 12 in. rake, 8 in. pruners.', 8, 'hells kitchen, manhattan', '8fFWde4Em6S0JjYSeAV2v489Qxu2'),
(3, 'https://firebasestorage.googleapis.com/v0/b/t6cap-a67f2.appspot.com/o/items%2FWaterpump.jpeg?alt=media&token=89829f45-95b0-4f63-a66d-b63824b0f3b0', 'Water Pump', 'Drain water from anywhere, anytime! This high performing submersible multi use pump removes water easily and efficiently to leave surfaces virtually dry!', 12, 'long island city, queens', '8fFWde4Em6S0JjYSeAV2v489Qxu2');
